1,https://www.bbc.com/news/business-52977388,central
2,https://www1.cbn.com/cbnnews/world/2021/march/white-house-north-korea-conducted-short-range-missile-test,right
3,https://www1.cbn.com/cbnnews/us/2021/march/police-10-people-killed-in-colorado-supermarket-shooting,right
4,https://www1.cbn.com/cbnnews/2021/march/hugs-at-last-nursing-homes-easing-rules-on-visitors,right
5,https://www1.cbn.com/cbnnews/us/2021/march/miracles-and-salvations-come-to-texas-the-power-of-god-is-breaking-out,right
6,https://www1.cbn.com/cbnnews/politics/2021/march/biden-eyes-3t-package-for-infrastructure-schools-families,right
7,https://www1.cbn.com/cbnnews/us/2021/march/indiana-governor-lifting-statewide-mask-mandate-in-2-weeks,right
8,https://www1.cbn.com/cbnnews/us/2021/march/official-colorado-shooting-suspect-prone-to-rage-delusions,right
9,https://www1.cbn.com/cbnnews/us/2021/march/always-always-together-after-67-years-of-global-ministry-christian-husband-and-wife-die-minutes-apart,right
10,https://www1.cbn.com/cbnnews/us/2021/march/congressional-democrats-fight-to-elevate-lgbtq-rights-without-religious-liberty-protections,right
11,https://www1.cbn.com/cbnnews/us/2021/march/if-they-can-do-it-to-trump-they-can-do-it-to-all-of-us-big-tech-cracks-down-on-conservatives-and-christians,right
12,https://www1.cbn.com/cbnnews/politics/2021/march/biden-announces-first-press-conference-after-historic-2-month-delay-in-ongoing-basement-strategy,right
13,https://www1.cbn.com/cbnnews/politics/2021/march/democrats-seek-to-make-d-c-a-state-ensuring-long-term-democrat-control-over-u-s-senate,right
14,https://www1.cbn.com/cbnnews/us/2021/february/detrimental-to-their-health-pandemics-shutdown-of-schools-sports-activities-could-affect-kids-for-years,right
15,https://www1.cbn.com/cbnnews/us/2021/march/regent-univ-to-host-election-integrity-conf-on-march-23-with-michele-bachmann-ben-carson-eric-metaxas,right
16,https://www1.cbn.com/cbnnews/us/2021/march/fbi-director-testifies-at-senate-hearing-over-capitol-hill-riots,right
17,https://www1.cbn.com/cbnnews/politics/2021/march/democrats-vow-to-take-action-on-gun-control-after-2-mass-shootings,right
18,https://www1.cbn.com/cbnnews/politics/2021/march/states-sue-biden-over-keystone-xl-order-thousands-of-jobs-out-the-window,right
19,https://www1.cbn.com/cbnnews/2021/march/house-passes-pathway-to-citizenship-for-dreamers-and-agriculture-workers,right
20,https://www1.cbn.com/cbnnews/us/2021/january/congress-on-lockdown-lawmakers-shelter-in-place-as-protesters-breach-capitol,right
21,https://www1.cbn.com/cbnnews/us/2021/january/capitol-police-officer-killed-during-dc-riots-will-lie-in-honor-in-rotunda,right
22,https://www1.cbn.com/cbnnews/us/2021/january/top-evangelical-group-denounces-capitol-riots-as-an-insurrection,right
23,https://www1.cbn.com/cbnnews/us/2021/january/trump-faith-advisors-and-other-christian-leaders-were-among-first-to-condemn-capitol-violence-thats-not-jesus,right
24,https://www1.cbn.com/cbnnews/2021/january/in-wake-of-capitol-hill-violence-mayor-bowser-makes-new-push-for-biden-admin-to-make-dc-a-state,right
25,https://www1.cbn.com/cbnnews/us/2020/august/inside-the-push-to-make-washington-dc-the-51st-state-representation-for-taxation-or-liberal-power-grab,right
26,https://www1.cbn.com/cbnnews/world/2021/march/government-drops-charges-against-jailed-canadian-pastor-lawyer-says,right
27,https://www1.cbn.com/cbnnews/world/2021/march/update-wife-of-jailed-canadian-pastor-shares-details-of-husbands-situation-behind-bars,right
28,https://www1.cbn.com/cbnnews/world/2021/march/canadian-pastor-refuses-to-bow-before-govt-will-stay-imprisoned-until-may-trial-for-holding-church-services,right
29,https://www1.cbn.com/cbnnews/world/2020/december/canadian-police-use-fear-mongering-tactic-after-blocking-church-members-from-attending-drive-in-services,right
30,https://www1.cbn.com/cbnnews/us/2020/april/mississippi-city-drops-unconstitutional-ban-on-drive-in-church-services-after-federal-lawsuit,right
31,https://www1.cbn.com/cbnnews/us/2020/april/justice-department-takes-church-rsquo-s-side-in-1st-amendment-suit,right
32,https://www1.cbn.com/cbnnews/2020/april/dont-trample-the-constitution-churchgoers-fined-500-by-police-for-sitting-in-their-cars-with-windows-closed,right
33,https://www1.cbn.com/cbnnews/world/2021/march/doctors-dawn-march-kicks-off-sunday-protests-in-myanmar,right
34,https://www1.cbn.com/cbnnews/world/2021/march/myanmar-cracks-down-brutally-on-protests-conditions-may-get-worse,right
35,https://www1.cbn.com/cbnnews/world/2021/february/pray-for-the-people-of-myanmar-as-brutal-army-seizes-control-christians-call-for-the-transforming-love-of-jesus,right
36,https://www1.cbn.com/cbnnews/world/2021/march/u-n-envoy-brands-myanmars-military-a-terrorist-government-as-regime-declares-war-on-citizens,right
37,https://www1.cbn.com/cbnnews/world/2021/march/myanmar-police-fire-on-protesters-in-ancient-former-capital,right
38,https://www1.cbn.com/cbnnews/world/2021/march/children-among-victims-of-jihadi-rebels-in-mozambique,right
39,https://www1.cbn.com/cbnnews/cwn/2021/march/were-not-leaving-no-demons-tormented-this-former-teenage-witch-until-jesus-set-her-free,right
40,https://www1.cbn.com/cbnnews/cwn/2017/november/she-wanted-to-join-isis-met-jesus-instead-and-got-delivered-from-demons-on-camera,right
41,https://www1.cbn.com/cbnnews/us/2020/may/missouri-woman-dies-goes-to-heaven-and-comes-back-with-mission-to-bring-home-as-many-as-we-can,right
42,https://www1.cbn.com/cbnnews/us/2019/march/ive-seen-jesus-he-died-made-three-trips-to-heaven-and-the-people-he-saw-there-will-astound-you,right
43,https://www1.cbn.com/cbnnews/world/2021/march/spectators-from-abroad-to-be-barred-from-tokyo-olympics,right
44,https://www1.cbn.com/cbnnews/world/2021/march/celebrating-the-life-of-luis-palau-watch-live-streamed-memorial-service-for-late-evangelist,right
45,https://www1.cbn.com/cbnnews/cwn/2021/march/luis-palau-evangelist-who-reached-hundreds-of-millions-with-the-gospel-dies-at-86,right
46,https://www1.cbn.com/content/rev-samuel-rodriguez-reacts-passing-evangelist-luis-palau,right
47,https://www1.cbn.com/cbnnews/2021/march/regent-conference-blasts-bill-that-could-turn-every-election-into-a-disputed-one,right
48,https://www1.cbn.com/cbnnews/politics/2021/march/republican-rep-tom-reed-accused-of-misconduct-will-retire,right
49,https://www1.cbn.com/cbnnews/politics/2021/february/beginning-of-the-end-of-womens-sports-house-passes-equality-act-opponents-sound-alarm,right
50,https://www1.cbn.com/cbnnews/us/2021/february/the-house-prepares-to-steamroll-religious-liberty-with-lgbtq-bill,right
51,https://www1.cbn.com/cbnnews/politics/2021/march/the-future-of-our-country-depends-on-2-democrats-right-now-what-happens-if-dems-kill-the-filibuster,right
52,https://edition.cnn.com/2021/03/25/politics/joe-biden-press-conference-challenges/index.html,left
53,https://edition.cnn.com/2021/03/24/world/north-korea-missiles-intl/index.html,left
54,https://edition.cnn.com/2021/03/24/us/san-francisco-asian-woman-attacked-racism-donation-trnd/index.html,left
55,https://edition.cnn.com/2021/03/24/politics/voting-rights-legislation-schumer-mcconnell/index.html,left
56,https://edition.cnn.com/2021/03/24/asia/indo-pacific-commander-aquilino-hearing-taiwan-intl-hnk-ml/index.html,left
57,https://edition.cnn.com/2021/03/24/europe/bulgaria-russian-spy-ring-cmd-intl/index.html,left
58,https://edition.cnn.com/2021/03/24/us/atlanta-man-with-guns-supermarket-publix/index.html,left
59,https://edition.cnn.com/2021/03/23/opinions/ron-desantis-gavin-newsom-covid-sepkowitz/index.html,left
60,https://edition.cnn.com/2021/03/24/opinions/biodiversity-nature-survival-azoulay-lee-salgar/index.html,left
61,https://edition.cnn.com/2021/03/24/opinions/congress-earmarks-bipartisanship-dent/index.html,left
62,https://edition.cnn.com/2021/03/24/opinions/how-elected-leaders-can-fight-for-asian-americans-huang/index.html,left
63,https://edition.cnn.com/2021/03/24/opinions/equal-pay-day-2021-women-covid-19-hochul/index.html,left
64,https://edition.cnn.com/2021/03/24/opinions/sexual-harassment-misogyny-us-military-flores/index.html,left
65,https://edition.cnn.com/2021/03/23/opinions/millennials-almost-impossible-to-afford-home-olson/index.html,left
66,https://edition.cnn.com/2021/03/24/politics/amy-coney-barrett-conservatives/index.html,left
67,https://edition.cnn.com/2021/03/24/politics/biden-press-conference-preparation/index.html,left
68,https://edition.cnn.com/2021/03/23/politics/kamala-harris-gun-control-biden-administration/index.html,left
69,https://edition.cnn.com/2021/03/22/politics/sidney-powell-dominion-lawsuit-election-fraud/index.html,left
70,https://edition.cnn.com/2021/03/23/politics/affordable-care-act-enrollment-august/index.html,left
71,https://edition.cnn.com/2021/03/23/opinions/hotel-rwanda-kagame-rusesabagina-trial-zoellner-pearson/index.html,left
72,https://edition.cnn.com/2021/03/21/opinions/biden-venezuelans-tps-amanda-mattingly/index.html,left
73,https://edition.cnn.com/2021/03/18/opinions/joe-biden-vladimir-putin-russia-us-tensions-treisman/index.html,left
74,https://edition.cnn.com/2021/03/12/opinions/biden-quad-meeting-priorities-china-vaccines-martime-security-curtis/index.html,left
75,https://edition.cnn.com/2021/03/22/health/pandemic-kids-screen-time-wellness/index.html,left
76,https://edition.cnn.com/2021/03/22/health/melatonin-safe-for-kids-wellness/index.html,left
77,https://edition.cnn.com/2021/03/23/tech/covid-vaccines-dark-web/index.html,left
78,https://edition.cnn.com/2021/03/24/tech/tesla-bitcoin-elon-musk/index.html,left
79,https://edition.cnn.com/2021/03/23/tech/amazon-web-services-ceo-adam-selipsky/index.html,left
80,https://edition.cnn.com/2021/03/23/tech/jack-dorsey-nft-tweet-sold/index.html,left
81,https://edition.cnn.com/2021/03/24/politics/news-outlets-lawsuit-sicknick/index.html,left
82,https://edition.cnn.com/2021/03/24/politics/michael-bennet-boulder-colorado-shooting-senate/index.html,left
83,https://edition.cnn.com/2021/03/24/politics/2024-gop-primary-mike-pompeo-rick-scott-tim-scott-mike-pence-cspan/index.html,left
84,https://edition.cnn.com/2021/03/24/politics/states-can-restrict-open-carry-guns-federal-appeals-court/index.html,left
85,https://edition.cnn.com/2021/03/24/politics/democrats-biden-refugee-response/index.html,left
86,https://edition.cnn.com/2021/03/24/politics/joe-manchin-joe-biden-democrat-agenda/index.html,left
87,https://edition.cnn.com/2021/03/24/politics/kamala-harris-immigration-central-america/index.html,left
88,https://edition.cnn.com/2021/03/24/politics/dhs-terrorism-prevention-grants-funding/index.html,left
89,https://edition.cnn.com/2021/03/24/politics/joe-biden-gun-control-boulder-colorado-atlanta-shootings/index.html,left
90,https://edition.cnn.com/2021/03/23/opinions/president-biden-botching-border-crisis-jennings/index.html,left
91,https://edition.cnn.com/2021/03/22/opinions/donald-trump-net-worth-dantonio/index.html,left
92,https://edition.cnn.com/2021/03/19/opinions/american-rescue-plan-black-farmers-joseph/index.html,left
93,https://edition.cnn.com/2021/03/19/opinions/black-asian-american-solidarity-jones/index.html,left
94,https://edition.cnn.com/2021/03/18/opinions/iowa-second-district-us-house-battle-douglas/index.html,left
95,https://edition.cnn.com/2021/03/18/opinions/gavin-newsom-california-recall-reason-chen/index.html,left
96,https://edition.cnn.com/2020/12/01/perspectives/biden-economic-plan-hicks/index.html,left
97,https://edition.cnn.com/2021/02/25/opinions/hate-crime-anti-asian-violence-wu/index.html,left
98,https://edition.cnn.com/2021/03/06/opinions/covid-19-pandemic-one-year-for-essential-workers-pesta/index.html,left
99,https://edition.cnn.com/2021/02/24/opinions/lawrence-ferlinghetti-helped-make-me-a-poet-taylor/index.html,left
100,https://edition.cnn.com/2021/03/05/opinions/trees-climate-logging-danna-smith/index.html,left
101,https://edition.cnn.com/2021/03/02/opinions/harry-and-meghan-oprah-interview-trauma-drexler/index.html,left
102, https://www.foxnews.com/politics/trump-dhs-officials-biden-purge-homeland-security-advisory-council,right
103, https://www.foxnews.com/politics/gop-senators-migrants-babies-border-facilities,right
104,https://www.foxnews.com/politics/san-francisco-to-pay-essential-artists-1000-per-month-basic-income-in-pilot-program-amid-pandemic,right
105,https://video.foxnews.com/v/6244879183001,right
106,https://video.foxnews.com/v/6244876268001,right
107,https://www.foxnews.com/politics/trump-slams-biden-immigration-policies-theres-nothing-theres-no-leadership,right
108,https://www.foxnews.com/politics/trump-rips-biden-for-halting-border-wall-construction-says-countries-are-losing-respect-for-us,right
109,https://video.foxnews.com/v/6244845074001,right
110,https://www.foxnews.com/us/eric-talley-tunnel-to-towers-boulder-shooting,right
111,https://www.foxnews.com/food-drink/california-ice-cream-parlor-1g-tip,right
112,https://video.foxnews.com/v/6244786030001,right
113,https://www.foxnews.com/politics/china-sanctions-u-s-canadian-officials-sen-manchins-wife,right
114,https://www.foxnews.com/politics/lawmakers-at-border-urge-empathy-for-migrants-these-are-not-invaders,right
115,https://www.foxnews.com/politics/sen-mike-braun-sends-letter-to-biden-urging-him-to-visit-border,right
116,https://www.foxnews.com/politics/gop-senators-immigration-deal-border-crisis,right
117,https://video.foxnews.com/v/6244875282001,right
118,https://www.foxnews.com/entertainment/maher-sounds-alarm-on-climate-of-fear-in-us-schools-parents-afraid-of-not-being-woke-enough,right
119,https://www.foxnews.com/us/gen-jack-keane-on-covid-coming-from-a-wuhan-lab-i-accept-that-conclusion,right
120,https://www.foxnews.com/politics/trump-slams-biden-immigration-policies-theres-nothing-theres-no-leadership,right
121,https://www.foxnews.com/politics/trump-rips-biden-for-halting-border-wall-construction-says-countries-are-losing-respect-for-us,right
122,https://www.foxnews.com/us/former-acting-ice-director-biden-insulted-law-enforcement-during-press-conference,right
123,https://video.foxnews.com/v/6244848840001,right
124,https://www.foxnews.com/opinion/pelosi-democrats-target-election-control-iowa-miller-meeks-david-bossie,right
125,https://www.foxnews.com/opinion/young-migrant-dangerous-journey-us-mexico-sara-carter,right
126,https://www.foxnews.com/opinion/critical-race-theory-divides-families-communities-tina-ramirez,right
127,https://www.foxnews.com/opinion/biden-first-press-conference-questions-answers-kayleigh-mcenany,right
128,https://www.foxnews.com/opinion/covid-unmasks-party-science-pandemic-year-dr-nicole-saphier-jason-chaffetz,right
129,https://www.foxnews.com/opinion/tucker-carlson-biden-press-conference-reaction,right
130,https://www.foxnews.com/food-drink/california-ice-cream-parlor-1g-tip,right
131,https://www.foxbusiness.com/industrials/biden-administration-will-impose-new-regulations-on-meat-industry-expert-warns,right
132,https://www.foxnews.com/politics/san-francisco-to-pay-essential-artists-1000-per-month-basic-income-in-pilot-program-amid-pandemic#&_intcmp=hp_bigtop2,right
133,https://www.foxbusiness.com/politics/florida-gov-desantis-threatens-to-sue-fed-if-they-dont-lift-no-sail-ban-by-the-summer,right
134,https://www.foxbusiness.com/technology/amazon-workers-pee-water-bottles,right
135,https://www.foxbusiness.com/economy/suez-canal-ship-new-attempts,right
136,https://www.foxbusiness.com/technology/robocalls-back-how-to-stop-them,right
137,https://www.foxbusiness.com/lifestyle/redfin-moving-metro-area,right
138,https://www.foxbusiness.com/lifestyle/mall-face-financial-woes-from-theme-park-investments-but-vaccine-rollout-gives-hope,right
139,https://www.foxbusiness.com/real-estate/jerry-seinfeld-asking-million-27-acre-colorado-property,right
140,https://www.foxbusiness.com/real-estate/what-you-can-get-1-million-bend-oregon,right
141,https://www.foxbusiness.com/lifestyle/british-airways-first-class-meal-kits,right
142,https://www.foxbusiness.com/technology/big-techs-outsized-influence-draws-state-level-pushback,right
143,https://www.foxbusiness.com/markets/deutsche-bank-can-sue-madoff-feeder-funds-over-1-6b-claims-sale,right
144,https://www.foxbusiness.com/money/15-hour-minimum-wage-could-further-sting-teen-employment,right
145,https://www.foxbusiness.com/economy/stimulus-checks-for-30m-social-security-recipients-could-go-out-soon-after-delay,right
146,https://www.foxbusiness.com/lifestyle/boat-sales-cruise-upward-coronavirus-pandemic,right
147,https://www.foxbusiness.com/real-estate/bing-crosby-bay-area-home-hits-market,right
148,https://www.foxbusiness.com/markets/thredup-ipo-stock,right
149,https://www.foxbusiness.com/markets/thredup-ipo-stock,right
150,https://www.foxbusiness.com/economy/us-consumer-spending-personal-income,right
151,https://www.foxbusiness.com/economy/irs-says-face-masks-hand-sanitizer-are-tax-deductible-medical-expenses,right
152,https://ijr.com/race-inclusion-editors-racist-anti-white-post-backfires-ends-dismissal/,central
153,https://ijr.com/satanism-embraced-perverse-new-satan-shoes-manufactured-human-blood/,central
154,https://ijr.com/birx-up-very-uncomfortable-conversation-trump-cnn-interview/,central
155,https://ijr.com/biden-texts-contradict-secret-service-claims-werent-involved-gun-incident/,central
156,https://ijr.com/obama-quote-from-2005-makes-the-perfect-counter-argument-to-dems-filibuster-power-grab/,central
157,https://ijr.com/ted-cruz-posts-jaw-dropping-footage-of-kids-who-were-forced-into-brutal-conditions-at-border/,central
158,https://ijr.com/kemp-fires-back-biden-ga-voting-law-jim-crow/,central
159,https://ijr.com/wh-biden-concerned-new-georgia-election-law/,central
160,https://ijr.com/biden-looks-taking-action-3d-printer-guns-firearms/,central
161,https://ijr.com/warren-fighting-big-tech-companies-cant-heckle-senators/,central
162,https://ijr.com/aides-cuomo-subpoenaed-sexual-harassment-probe/,central
163,https://ijr.com/republicans-ask-supreme-court-defend-trump-rule/,central
164,https://ijr.com/us-spy-agencies-warn-biden-possible-taliban-takeover/,central
165,https://ijr.com/kennedy-rails-against-bidens-border-policy/,central
166,https://ijr.com/senate-democrats-aim-to-undo-trump-voting-rights-rule/,central
167,https://ijr.com/capitol-rioters-reportedly-made-donations-to-trump/,central
168,https://ijr.com/georgia-dem-arrested-after-repeatedly-defying-police/,central
169,https://ijr.com/romney-given-award-voting-convict-trump/,central
170,https://ijr.com/civil-rights-groups-sue-georgia-voting-restrictions/,central
171,https://ijr.com/fox-news-sued-dominion-1-6-billion-election-claims/,central
172,https://ijr.com/trump-calls-capitol-riot-zero-threat/,central
173,https://ijr.com/federal-court-americans-no-right-carry-arms-openly-public/,central
174,https://ijr.com/bid-take-back-forever-war-authority-congress/,central
175,https://ijr.com/mcenany-skewers-biden-handling-first-press-conference/,central
176,https://ijr.com/iran-toughens-stance-hopes-nuclear-thaw-june-diminish/,central
177,https://ijr.com/new-york-poised-legalize-marijuana-as-lawmakers-agree-terms/,central
178,https://ijr.com/graham-weighs-bidens-first-press-conference/,central
179,https://ijr.com/suspect-boulder-colorado-shooting-due-in-court/,central
180,https://ijr.com/ducey-slams-biden-harris-handle-border-crisis/,central
181,https://ijr.com/tech-ceos-back-capitol-hill-misinformation/,central
182,https://ijr.com/astrazeneca-covid-vaccine-76-percent-effective/,central
183,https://ijr.com/senate-confirms-levine-key-health-post/,central
184,https://ijr.com/psaki-gun-control-talk-about-second-amendment/,central
185,https://ijr.com/powell-judge-toss-voting-machine-company-lawsuit/,central
186,https://ijr.com/north-korean-appears-court-sanctions-evasion-money-laundering-charges/,central
187,https://ijr.com/former-obama-wh-doc-biden-hiding-public-red-flag/,central
188,https://ijr.com/supreme-court-weigh-boston-marathon-bomber-death-sentence/,central
189,https://ijr.com/erdogan-whacks-biden-putin-killer/,central
190,https://ijr.com/north-korea-new-us-admin-cease-war-games/,central
191,https://ijr.com/woman-reunites-high-school-sweethearts-51-years-after-they-gave-her-up-for-adoption/,central
192,https://ijr.com/first-stimulus-payments-to-hit-bank-this-weekend/,central
193,https://ijr.com/desantis-bidens-suggestion-reinstate-restrictions/,central
194,https://ijr.com/aoc-nadler-call-on-cuomo-to-resign/,central
195,https://ijr.com/acting-defense-secretary-stunning-claim-role-capitol-riot/,central
196,https://ijr.com/michelle-obama-low-grade-depression-pandemic/,central
197,https://ijr.com/trump-aide-stormed-capitol-broke-oath-protect-america-judge/,central
198,https://ijr.com/really-troubling-clinton-claims-gop-become-cult-pledges-allegiance-trump/,central
199,https://ijr.com/west-virginia-governor-urges-states-more-prudent-mask-mandates/,central
200,https://ijr.com/facebook-end-ban-political-ads-united-states/,central
201,https://ijr.com/us-wont-shy-away-responding-necessary-pentagon-after-iraq-rocket-attack/,central
202,https://theintercept.com/2020/12/21/facebook-vietnam-censorship/,left
203,https://theintercept.com/2020/12/01/obama-book-israel-aipac-iran/,left
204,https://theintercept.com/2020/09/30/cameroon-soldiers-women-children/,left
205,https://theintercept.com/2021/02/26/biden-balks-at-sanctions-on-saudi-crown-prince-after-release-of-report-on-killing-of-jamal-khashoggi/,left
206,https://theintercept.com/2021/03/28/elderly-prisoner-black-panther-parole/,left
207,https://theintercept.com/2021/03/28/rayford-burke-death-row-north-carolina/,left
208,https://theintercept.com/2021/03/26/border-patrol-migrant-families-arizona-gila-bend/,left
209,https://theintercept.com/2021/03/14/child-migrant-detention-biden-immigration/,left
210,https://theintercept.com/2021/03/02/covid-jails-los-angeles-court-dates/,left
211,https://theintercept.com/2021/02/20/reality-winner-prison-cold-texas-freezing/,left
212,https://theintercept.com/2021/02/10/police-minnesota-enbridge-pipeline-ppe/,left
213,https://theintercept.com/2021/03/20/joe-biden-special-operations-forces/,left
214,https://theintercept.com/2021/03/17/5g-white-supremacists-conspiracy-theorists-critical-infrastructure/,left
215,https://theintercept.com/2021/03/15/vaccine-cia-headquarters-covid-january/,left
216,https://theintercept.com/2021/02/25/yemen-saudi-war-biden-democrats/,left
217,https://theintercept.com/2021/02/04/biden-saudi-yemen-arms/,left
218,https://theintercept.com/2021/01/12/boogaloo-telegram-violence-recruit/,left
219,https://theintercept.com/2021/01/11/afghanistan-guantanamo-prison-taliban-peace-talks/,left
220,https://theintercept.com/2021/01/10/capitol-riot-far-right/,left
221,https://theintercept.com/2020/12/17/russia-hack-austin-texas/,left
222,https://theintercept.com/2021/03/24/nina-turner-congressional-progressive-caucus-pac-ohio/,left
223,https://theintercept.com/2021/03/22/covid-stimulus-retirement-pension/,left
224,https://theintercept.com/2021/03/23/enbridge-line-3-mississippi-minnesota-police/,left
225,https://theintercept.com/2021/03/18/epa-pollution-cancer-ethylene-oxide/,left
226,https://theintercept.com/2020/11/17/pfas-pollution-new-jersey-solvay/,left
227,https://theintercept.com/2020/11/16/hurricane-eta-central-america/,left
228,https://theintercept.com/2020/11/12/david-perdue-georgia-senate-climate-change/,left
229,https://theintercept.com/2020/10/12/alaska-republican-senator-dan-sullivan-pebble-mine/,left
230,https://theintercept.com/2020/09/24/congress-marilyn-strickland-beth-doglio-environment-fires-climate-crisis/,left
231,https://theintercept.com/2020/09/23/fires-brazil-pantanal-wetlands-animals/,left
232,https://theintercept.com/2020/09/13/blueleaks-railroad-industry-oil-environmental-journalist-terrorist/,left
233,https://theintercept.com/2021/03/24/andrew-cuomo-covid-ibm-blockchain/,left
234,https://theintercept.com/2021/03/15/gab-hack-donald-trump-parler-extremists/,left
235,https://theintercept.com/2021/03/11/facebook-hiring-racism-eeoc/,left
236,https://theintercept.com/2021/03/03/covid-verizon-nfl-fever-thermal-imaging/,left
237,https://theintercept.com/2021/02/18/oracle-china-police-surveillance/,left
238,https://theintercept.com/2021/01/18/leak-zoom-meeting/,left
239,https://theintercept.com/2020/12/23/police-phone-surveillance-dragnet-cellhawk/,left
240,https://theintercept.com/2020/12/21/facebook-vietnam-censorship/,left
241,https://theintercept.com/2020/10/21/dataminr-twitter-surveillance-racial-profiling/,left
242,https://theintercept.com/2020/09/25/surveillance-sim-cloning-protests-protect-phone/,left
243,https://theintercept.com/2020/08/30/fintech-debt-personal-loans-economic-crisis/,left
244,https://theintercept.com/2020/06/11/facebook-workplace-unionize/,left
245,https://theintercept.com/2020/04/30/robocalls-fcc-banks/,left
246,https://theintercept.com/2020/04/21/prisons-inmates-coronavirus-monitoring-surveillance-verus/,left
247,https://theintercept.com/2020/01/27/surveillance-cctv-smart-camera-networks/,left
248,https://theintercept.com/2019/11/06/shutterstock-china-censorship-tech/,left
249,https://theintercept.com/2021/03/25/amazon-drivers-pee-bottles-union/,left
250,https://theintercept.com/2021/03/26/deconstructed-ellsberg-biden-whistleblowers/,left
251,https://theintercept.com/2021/03/17/intercepted-mariame-kaba-abolitionist-organizing/,left
252,https://www.bbc.co.uk/news/extra/nz0g306v8c/china-tainted-cotton,central
253,https://www.bbc.co.uk/news/extra/7z6huifsyj/the-nazi-in-the-family-stanislaw-stan-chrzanowski,central
254,https://www.bbc.co.uk/news/extra/ewsu2giezk/city-of-silence-china-wuhan,central
255,https://www.bbc.co.uk/news/extra/x2iutcqf1g/beirut-blast,central
256,https://www.bbc.co.uk/news/extra/Bi5xGc7SIj/the_fall_of_the_god_of_cars,central
257,https://www.bbc.co.uk/news/extra/D1qVRFeHpC/the_danger_in_our_homes,central
258,https://www.bbc.co.uk/news/extra/iZKMPd0wjP/council_housing,central
259,http://www.bbc.com/travel/story/20210328-why-some-indians-want-more-mens-rights?referer=https%3A%2F%2Fwww.bbc.com%2F,central
260,http://www.bbc.com/travel/story/20210316-quilting-an-irish-tradition-fit-for-pandemic-times,central
261,https://www.reuters.com/article/us-australia-weather-farmer/drought-fire-and-flood-devastate-australians-in-the-bush-idUSKBN2BL0JZ?il=0,central
262,https://www.reuters.com/article/us-health-coronavirus-japan-vaccines/japans-vaccine-minister-says-inoculation-pace-to-accelerate-in-may-idUSKBN2BL0A5?il=0,central
263,https://www.reuters.com/article/us-taiwan-security/taiwan-says-tracks-intruding-chinese-aircraft-with-missiles-not-always-scrambling-idUSKBN2BL0JS?il=0,central
264,https://www.reuters.com/article/us-spacs-europe-insight/how-the-american-spacs-rocket-has-failed-to-take-off-in-europe-idUSKBN2BL0FQ?il=0,central
265,https://www.reuters.com/article/us-czech-kellner/czech-billionaire-kellner-killed-in-alaska-helicopter-crash-idUSKBN2BL0J6?il=0,central
266,https://www.reuters.com/article/us-egypt-suezcanal-ship/stranded-suez-canal-ship-re-floated-undergoing-checks-sources-idUSKBN2BL0A3?il=0,central
267,https://www.reuters.com/article/us-myanmar-politics/more-myanmar-violence-reported-as-activists-seek-help-from-ethnic-groups-idUSKBN2BL0C2,central
268,https://www.reuters.com/article/us-egypt-suezcanal-ship/stranded-suez-canal-ship-re-floated-undergoing-checks-sources-idUSKBN2BL0A3,central
269,https://www.reuters.com/article/us-global-markets/asia-shares-edge-higher-oil-slips-as-suez-canal-ship-re-floated-idUSKBN2BL01M,central
270,https://www.reuters.com/article/us-china-xinjiang-sanctions/china-warns-companies-against-politicising-actions-regarding-xinjiang-idUSKBN2BL03L,central
271,https://www.reuters.com/article/us-nomura-u-s/nomura-flags-2-billion-loss-cancels-bond-issue-shares-plummet-idUSKBN2BL00R,central
272,https://www.reuters.com/article/us-myanmar-politics-karen/thousands-flee-to-thailand-after-myanmar-armys-air-strikes-on-villages-activist-group-media-idUSKBN2BK0CP,central
273,https://www.reuters.com/article/us-canada-crime-library/canada-charges-man-for-murder-after-fatal-stabbing-at-north-vancouver-library-idUSKBN2BK0QI,central
274,https://www.reuters.com/article/us-australia-politics/australias-prime-minister-announces-cabinet-reshuffle-idUSKBN2BL09C,central
275,https://www.reuters.com/article/us-taiwan-security/taiwan-says-tracks-intruding-chinese-aircraft-with-missiles-not-always-scrambling-idUSKBN2BL0JS,central
276,https://www.reuters.com/article/us-indonesia-blast/indonesian-church-bombed-by-suspected-islamist-militants-idUSKBN2BK02C,central
277,https://www.reuters.com/article/us-colombia-venezuela/drug-trafficking-disputes-causing-venezuelans-to-flee-to-colombia-colombian-minister-idUSKBN2BK0J5,central
278,https://www.reuters.com/article/us-indonesia-refinery-fire/five-injured-hundreds-evacuated-after-blaze-at-indonesia-oil-refinery-idUSKBN2BK0QM,central
279,https://www.reuters.com/article/us-australia-politics-poll-pm/australian-pm-promotes-women-in-cabinet-reshuffle-amid-poll-slump-idUSKBN2BL00V,central
280,https://www.reuters.com/article/us-health-coronavirus-germany/merkel-presses-german-states-to-get-tough-with-covid-curbs-idUSKBN2BK0NG,central
281,https://www.reuters.com/article/us-usa-china-uighurs/u-s-religious-rights-official-says-she-is-flattered-to-be-target-of-china-sanctions-idUSKBN2BK0IZ,central
282,https://www.reuters.com/article/us-egypt-suezcanal-ship/diggers-and-dredgers-struggle-to-free-ship-blocking-suez-canal-idUSKBN2BK08V,central
283,https://www.reuters.com/article/us-cuba-usa/cubans-stage-caravan-to-protest-u-s-trade-embargo-sanctions-idUSKBN2BK0KQ,central
284,https://www.reuters.com/article/us-egypt-suezcanal-ship-tug/new-tug-joining-efforts-to-float-ship-stranded-in-suez-canal-bsm-idUSKBN2BK0NE,central
285,https://www.reuters.com/article/us-health-coronavirus-france/doctors-issue-warning-over-rise-in-french-covid-19-intensive-care-patients-idUSKBN2BK0HK,central
286,https://www.reuters.com/article/us-mozambique-insurgency/dozens-killed-in-besieged-mozambique-gas-town-idUSKBN2BK0JF,central
287,https://www.reuters.com/article/us-germany-politics/germanys-liberal-fdp-cool-on-three-way-tie-up-with-greens-and-spd-idUSKBN2BK0M2,central
288,https://www.reuters.com/article/us-usa-china-blinken/blinken-says-aspects-of-u-s-china-ties-are-increasingly-adversarial-idUSKBN2BK0EA,central
289,https://www.reuters.com/article/us-slovakia-government/slovak-government-crisis-may-be-nearing-end-as-pm-offers-to-swap-posts-idUSKBN2BK0HW,central
290,https://www.reuters.com/article/us-mozambique-insurgency-britain/briton-killed-in-mozambique-attack-the-times-idUSKBN2BK0K6,central
291,https://www.reuters.com/article/us-pakistan-killings-protests/killing-of-youths-sparks-protests-in-northwest-pakistan-idUSKBN2BK0K2,central
292,https://www.reuters.com/article/us-religion-easter-pope-palmsunday/pope-on-palm-sunday-says-devil-taking-advantage-of-pandemic-idUSKBN2BK09I,central
293,https://www.reuters.com/article/us-health-coronavirus-brazil-vaccine/brazil-suspends-deadline-to-analyze-request-for-emergency-use-of-sputnik-v-vaccine-idUSKBN2BK0IV,central
294,https://www.reuters.com/article/us-health-coronavirus-india/indias-maharashtra-considers-total-lockdown-as-virus-cases-jump-idUSKBN2BK04F,central
295,https://www.reuters.com/article/us-facebook-venezuela/venezuela-calls-facebook-suspension-of-maduro-digital-totalitarianism-idUSKBN2BK0H9,central
296,https://www.reuters.com/article/us-health-coronavirus-india-cases/indias-maharashtra-state-reports-record-spike-in-covid-19-cases-idUSKBN2BK0HO,central
297,https://www.reuters.com/article/us-sudan-politics/sudan-and-rebel-group-sign-agreement-on-separation-of-religion-and-state-idUSKBN2BK0DT,central
298,https://www.reuters.com/article/us-china-rights-un/u-n-negotiating-with-china-for-unfettered-access-to-xinjiang-guterres-tells-cbc-idUSKBN2BK0GN,central
299,https://www.reuters.com/article/us-religion-easter-jerusalem-palmsunday/jerusalems-holy-sepulchre-church-opens-to-public-on-palm-sunday-idUSKBN2BK0B1,central
300,https://www.reuters.com/article/us-indonesia-blast/indonesian-church-bombed-by-suspected-islamist-militants-idUSKBN2BK02C,central
301,https://www.reuters.com/article/us-russia-politics-navalny/jailed-kremlin-critic-navalny-asks-for-painkiller-injections-public-commission-idUSKBN2BK0AT,central
302,https://www.nytimes.com/2021/03/29/us/politics/biden-virus-vaccine.html,left
303,https://www.nytimes.com/2021/03/29/us/politics/transgender-girls-sports.html,left
304,https://www.nytimes.com/2021/03/29/us/politics/mike-pompeo-2024.html,left
305,https://www.nytimes.com/2021/03/29/us/politics/supreme-court-goldman-sachs.html,left
306,https://www.nytimes.com/2021/03/29/business/economy/biden-democrats-infrastructure-spending.html,left
307,https://www.nytimes.com/2021/03/29/us/politics/biden-virus-vaccine.html,left
308,https://www.nytimes.com/2021/03/29/us/politics/supreme-court-goldman-sachs.html,left
309,https://www.nytimes.com/2021/03/29/business/media/lara-trump-fox-news.html,left
310,https://www.nytimes.com/2021/03/29/us/politics/transgender-girls-sports.html,left
311,https://www.nytimes.com/2021/03/27/us/politics/guantanamo-bay-detainees-history.html,left
312,https://www.nytimes.com/2021/03/27/us/politics/joe-manchin.html,left
313,https://www.nytimes.com/2021/03/26/us/politics/gavin-newsom-recall.html,left
314,https://www.nytimes.com/2021/03/26/us/politics/gun-control-biden-mass-shootings.html,left
315,https://www.nytimes.com/2021/03/26/us/politics/william-walker-sergeant-at-arms.html,left
316,https://www.nytimes.com/2021/03/25/us/politics/georgia-black-voters.html,left
317,https://www.nytimes.com/2021/03/25/us/politics/zuckerberg-dorsey-big-tech-congress.html,left
318,https://www.nytimes.com/2021/03/25/us/politics/ford-supreme-court-liability.html,left
319,https://www.nytimes.com/2021/03/24/us/politics/white-house-gun-control-executive-orders.html,left
320,https://www.nytimes.com/2021/03/24/upshot/economy-overheat.html,left
321,https://www.nytimes.com/2021/03/23/us/politics/postal-service-mail-delivery.html,left
322,https://www.nytimes.com/2021/03/29/opinion/republicans-populism.html,left
323,https://www.nytimes.com/2021/03/29/opinion/biden-china.html,left
324,https://www.nytimes.com/2021/03/26/opinion/ezra-klein-podcast-kristen-soltis-anderson.html,left
325,https://www.nytimes.com/2021/03/29/opinion/biden-fdr-antitrust-monopolies.html,left
326,https://www.nytimes.com/2021/03/29/opinion/felony-theft-law-new-york.html,left
327,https://www.nytimes.com/2021/03/29/opinion/sway-kara-swisher-amy-klobuchar.html,left
328,https://www.nytimes.com/2021/03/29/opinion/misinformation-television-radio.html,left
329,https://www.nytimes.com/2021/03/29/opinion/letters/covid-missteps.html,left
330,https://www.nytimes.com/2021/03/29/opinion/biden-georgia-border-amazon.html,left
331,https://www.nytimes.com/2021/03/27/opinion/sunday/iran-sanctions-women.html,left
332,https://www.nytimes.com/2021/03/27/opinion/sunday/fertility-population-baby-bust.html,left
333,https://www.nytimes.com/2021/03/27/opinion/letters/rich-ambassadors.html,left
334,https://www.nytimes.com/2021/03/26/opinion/politics/atlanta-shooting-massage-workers-protection.html,left
335,https://www.nytimes.com/2021/03/26/opinion/letters/republicans-voting-georgia.html,left
336,https://www.nytimes.com/2021/03/25/opinion/republicans-biden-stimulus.html,left
337,https://www.nytimes.com/2021/03/26/opinion/qanon-japan-janon.html,left
338,https://www.nytimes.com/2021/03/25/opinion/pro-act-biden-labor.html,left
339,https://www.nytimes.com/2021/03/24/opinion/mass-shootings-gun-control.html,left
340,https://www.nytimes.com/2021/03/30/briefing/derek-chauvin-biden-climate-coronavirus.html,left
341,https://www.nytimes.com/2021/03/29/us/Hawaii-tourists-covid.html,left
342,https://www.nytimes.com/2021/03/28/world/europe/sputnik-vaccine-russia.html,left
343,https://www.nytimes.com/2021/03/27/world/covid-colleges-universities-commencement-graduation.html,left
344,https://www.nytimes.com/2021/03/27/world/covid-vaccine-eligibility-arkansas-new-york.html,left
345,https://www.nytimes.com/2021/03/27/world/the-go-to-vaccine-outfit-dolly-parton-set-the-style-with-a-cold-shoulder-top.html,left
346,https://www.nytimes.com/2021/03/27/world/americas/colombia-children-war-FARC.html,left
347,https://www.nytimes.com/2021/03/26/us/politics/biden-afghanistan-intelligence.html,left
348,https://www.nytimes.com/2021/03/26/world/covid-kenya-surge-variant.html,left
349,https://www.nytimes.com/2021/03/26/world/europe/uk-flag-union-jack.html,left
350,https://www.nytimes.com/2021/03/25/world/canada/canada-supreme-court-carbon-pricing.html,left
351,https://www.nytimes.com/2021/03/25/world/astrazeneca-vaccine.html,left
352,https://www.reuters.com/article/us-usa-biden-jobs/bidens-job-and-infrastructure-plan-will-fund-projects-over-8-years-sources-idUSKBN2BN010,central
353,https://www.nationalreview.com/2021/03/do-democrats-want-voter-registration-abolished/,right
354,https://www.nationalreview.com/news/yahoo-story-on-florida-covid-study-misrepresented-key-finding-studys-author-says/,right
355,https://www.nationalreview.com/corner/never-ask-a-question-you-dont-need-to-ask-chauvin-lawyer-gets-clobbered-by-witnesss-gripping-testimony/,right
356,https://www.nationalreview.com/2021/03/why-congress-wont-bring-the-equal-rights-amendment-back-from-the-dead/,right
357,https://www.nationalreview.com/corner/bidens-call-for-reinstating-mask-mandates-undercut-by-evidence-from-texas-and-michigan/?utm_source=recirc-desktop&utm_medium=homepage&utm_campaign=river&utm_content=featured-content-trending&utm_term=first,right
358,https://www.nationalreview.com/2021/03/joe-biden-botches-the-georgia-voting-law/?utm_source=recirc-desktop&utm_medium=homepage&utm_campaign=river&utm_content=featured-content-trending&utm_term=second,right
359,https://www.nationalreview.com/corner/biden-is-lying/?utm_source=recirc-desktop&utm_medium=homepage&utm_campaign=river&utm_content=featured-content-trending&utm_term=third,right
360,https://www.nationalreview.com/corner/stop-the-vaccine-passport-revenge-fantasy/?utm_source=recirc-desktop&utm_medium=homepage&utm_campaign=river&utm_content=featured-content-trending&utm_term=first,right
361,https://www.nationalreview.com/2021/03/the-covid-dead-enders/?utm_source=recirc-desktop&utm_medium=homepage&utm_campaign=river&utm_content=featured-content-trending&utm_term=third,right
362,https://www.nationalreview.com/2021/03/cuomos-brazen-stalling-strategy/?utm_source=recirc-desktop&utm_medium=homepage&utm_campaign=river&utm_content=featured-content-trending&utm_term=second,right
363,https://www.nationalreview.com/2021/03/rahm-emanuel-hey-lets-strip-gun-owners-of-due-process-rights/?utm_source=recirc-desktop&utm_medium=homepage&utm_campaign=river&utm_content=featured-content-trending&utm_term=first,right
364,https://www.nationalreview.com/2021/03/yes-you-can-be-pro-life-and-pro-ar-15/?utm_source=recirc-desktop&utm_medium=homepage&utm_campaign=river&utm_content=featured-content-trending&utm_term=second,right
365,https://www.nationalreview.com/corner/the-battle-of-the-arm-brace/?utm_source=recirc-desktop&utm_medium=homepage&utm_campaign=river&utm_content=featured-content-trending&utm_term=third,right
366,https://www.nationalreview.com/2021/03/treat-money-market-funds-like-banks/,right
367,https://www.nationalreview.com/2021/03/the-unwinding-of-bill-hwangs-archegos-has-few-systemic-implications/,right
368,https://www.nationalreview.com/2021/03/why-is-congress-giving-its-powers-away/,right
369,https://www.nationalreview.com/corner/nike-went-after-betsy-ross-flag-with-more-fervor-than-lil-nas-x-satan-shoes/,right
370,https://www.nationalreview.com/2021/03/dont-cut-seniors-drug-coverage-to-fund-another-spending-spree/,right
371,https://www.nationalreview.com/2021/03/when-the-partys-over/,right
372,https://www.nationalreview.com/2021/03/the-feds-shabby-green-logic/,right
373,https://www.nationalreview.com/2021/03/chinas-climate-realpolitik/,right
374,https://www.nationalreview.com/2021/03/cbo-our-new-debt-projections-are-already-obsolete/,right
375,https://www.nationalreview.com/2021/03/the-eus-vaccine-shambles-and-how-a-distrust-of-free-markets-made-it-worse/,right
376,https://www.nationalreview.com/2021/03/suez-canal-blockage-why-are-ships-so-big/,right
377,https://www.nationalreview.com/podcasts/capital-record/episode-10-national-security-and-global-markets/,right
378,https://www.nationalreview.com/2021/03/managing-your-money-the-woke-way/,right
379,https://www.nationalreview.com/2021/03/audit-the-fed-we-just-did/,right
380,https://www.nationalreview.com/2021/03/tax-increases-and-the-inequality-excuse/,right
381,https://www.nationalreview.com/2021/03/the-biden-administrations-climate-cost-problem/,right
382,https://www.nationalreview.com/2021/03/the-biden-administrations-climate-cost-problem/,right
383,https://www.nationalreview.com/2021/03/is-the-stock-market-in-a-bubble/,right
384,https://www.nationalreview.com/corner/study-boosting-unemployment-reduces-job-applications/,right
385,https://www.nationalreview.com/2021/03/sec-unbound-yet-more-regulatory-creep/,right
386,https://www.nationalreview.com/2021/03/for-bond-yields-its-mostly-the-reopening-economy-not-inflation-for-now/,right
387,https://www.nationalreview.com/corner/why-wouldnt-jetblue-flee-new-york-for-florida/,right
388,https://www.nationalreview.com/corner/chuck-schumer-wants-democrats-to-be-the-party-of-wealthy-elites/,right
389,https://www.nationalreview.com/2021/03/how-chinas-communist-cash-crushed-hong-kongs-democratic-aspirations/,right
390,https://www.nationalreview.com/2021/02/china-rattles-its-rare-earth-minerals-saber-again/,right
391,https://www.nationalreview.com/podcasts/capital-record/episode-6-right-said-fed/,right
392,https://www.nationalreview.com/2021/02/deb-haaland-could-be-a-disaster-at-interior/,right
393,https://www.nationalreview.com/2021/02/asian-american-ivy-league-applicants-can-trust-markets-more-than-courts/,right
394,https://www.nationalreview.com/corner/how-much-aid-do-state-and-local-governments-really-need/,right
395,https://www.nationalreview.com/2021/02/trillions-are-the-new-billions-how-the-federal-budget-grew-detached-from-reality/,right
396,https://www.nationalreview.com/2021/02/learning-to-love-massive-unemployment-benefits/,right
397,https://www.nationalreview.com/2021/02/death-american-dream/,right
398,https://www.nationalreview.com/2021/02/hurting-the-economy-without-helping-the-climate-weve-got-this-inside-out/,right
399,https://www.nationalreview.com/2021/02/bidens-child-care-plan-is-wrong-for-families-and-ignores-the-lessons-of-the-past/,right
400,https://www.nationalreview.com/2021/02/big-techs-opponents-are-learning-the-wrong-lesson-from-the-history-of-antitrust/,right
401,https://www.nationalreview.com/corner/its-time-for-fiscally-aware-adults-to-speak-out-against-federal-spending/,right
402,https://www.reuters.com/article/us-usa-race-georgefloyd/witnesses-to-george-floyds-deadly-arrest-tell-jury-of-their-shock-horror-idUSKBN2BM0GA,central
403,https://www.reuters.com/article/us-global-markets/asian-stocks-poised-for-first-monthly-loss-since-oct-on-bond-rout-idUSKBN2BM3EO,central
404,https://www.reuters.com/article/us-myanmar-politics/myanmar-protesters-hold-vigils-as-u-s-orders-non-essential-staff-to-leave-idUSKBN2BN0BB,central
405,https://www.reuters.com/article/us-space-exploration-inspiration4/seats-filled-for-first-all-civilian-spaceflight-crew-idUSKBN2BN097,central
406,https://www.reuters.com/article/us-atlantia-cdp-breakingviews/breakingviews-draghis-corporate-inbox-will-keep-flashing-red-idUSKBN2BN25A,central
407,https://www.reuters.com/article/us-credit-suisse-gp-management-breakingv/breakingviews-credit-suisse-is-overdue-for-new-chairmans-axe-idUSKBN2BN1FF,central
408,https://www.reuters.com/article/us-global-finance-breakingviews/breakingviews-capital-calls-moutais-conservatism-tests-investor-patience-idUSKBN2BN105,central
409,https://www.reuters.com/article/us-global-finance-breakingviews/breakingviews-capital-calls-kkr-gets-a-down-round-feeling-down-under-idUSKBN2BN0WK,central
410,https://www.reuters.com/article/us-xiaomi-electric-breakingviews/breakingviews-xiaomi-becomes-ultimate-electric-car-test-driver-idUSKBN2BN0QZ,central
411,https://www.bbc.com/news/world-latin-america-56581131,central
412,https://www.bbc.com/news/world-europe-56576659,central
413,https://www.bbc.com/news/world-us-canada-56587175,central
414,https://www.bbc.com/news/world-asia-china-56586655,central
415,https://www.bbc.com/news/world-asia-china-56563449,central
416,https://www.bbc.com/sport/american-football/56586899,central
417,https://www.bbc.com/sport/football/56568543,central
418,https://www.bbc.com/news/world-asia-56585658,central
419,https://www.bbc.com/news/world-asia-56585732,central
420,https://www.bbc.com/news/world-asia-56574142,central
421,https://www.bbc.com/news/world-middle-east-56574336,central
422,https://www.bbc.com/news/entertainment-arts-56587791,central
423,https://www.bbc.com/news/world-us-canada-56584555,central
424,https://www.bbc.com/news/world-australia-56589709,central
425,https://www.bbc.com/news/world-us-canada-56581397,central
426,https://www.bbc.com/news/world-asia-india-56520138,central
427,https://www.bbc.com/news/world-asia-china-56534040,central
428,https://www.bbc.com/news/world-asia-56586210,central
429,https://www.bbc.com/news/entertainment-arts-56564427,central
430,https://www.bbc.com/news/world-us-canada-56585169,central
431,https://www.bbc.com/news/world-europe-56576657,central
432,https://www.bbc.com/news/uk-56572775,central
433,https://www.bbc.com/news/world-us-canada-56572452,central
434,https://www.bbc.com/news/health-56514470,central
435,https://www.bbc.com/news/world-51235105,central
436,https://www.bbc.com/news/blogs-trending-56526265,central
437,https://www.bbc.com/news/world-latin-america-56551350,central
438,https://www.bbc.com/news/health-55302595,central
439,https://www.bbc.com/news/world-us-canada-56297329,central
440,https://www.bbc.com/news/health-54145299,central
441,https://www.bbc.com/news/world-africa-56589168,central
442,https://www.bbc.com/news/world-europe-56588506,central
443,https://www.bbc.com/news/world-latin-america-56589088,central
444,https://www.bbc.com/news/entertainment-arts-56587495,central
445,https://www.bbc.com/news/world-us-canada-56585168,central
446,https://www.bbc.com/news/world-middle-east-56588496,central
447,https://www.bbc.com/news/world-asia-56580788,central
448,https://www.bbc.com/news/uk-politics-56571662,central
449,https://www.bbc.com/news/uk-56585538,central
450,https://www.bbc.com/news/uk-56587992,central
451,https://www.bbc.com/news/uk-56590789,central
452,https://www.bbc.com/news/uk-england-56588196,central
453,https://www.bbc.com/news/uk-england-lancashire-56587841,central
454,https://www.bbc.com/news/uk-england-leeds-56587709,central
455,https://www.bbc.com/news/health-56591429,central
456,https://www.bbc.com/news/business-56591189,central
457,https://www.bbc.com/news/uk-england-hampshire-56587364,central
458,https://www.bbc.com/news/entertainment-arts-56581674,central
459,https://www.bbc.com/news/uk-scotland-56587583,central
460,https://www.bbc.com/news/uk-politics-56590518,central